<?xml version="1.0" encoding="UTF-8"?>
<FrameworkInput type="Java" xmlns="http://www.ibm.com/FrameworkInput">
	<WaflFile>C:\CodeExamples\AltoroJ2.1\AltoroJ 2.1_frameworksCLI.wafl</WaflFile>
	<LogConfig>C:\CodeExamples\AltoroJ2.1\AltoroJ 2.1_frameworksCLI_waflLogConfig.xml</LogConfig>
	<ProjectFile>C:\CodeExamples\AltoroJ2.1\AltoroJ 2.1.epf</ProjectFile>
	<JavaInfo>
		<WebContentRoot>C:\CodeExamples\AltoroJ2.1\AltoroJ 2.1_staging</WebContentRoot>
		<WalaScopeFile>C:\CodeExamples\AltoroJ2.1\AltoroJ 2.1_staging\AltoroJ_00202_002e1.scope</WalaScopeFile>
		<Options>
			<Property name="javaee.core.jsp.precompiler" value="tomcat"></Property>
			<Property name="javaee.core.jsp.precompiler.version" value="50"></Property>
			<Property name="javaee.core.jsp.package" value="AltoroJ_00202_002e1"></Property>
			<Property name="javaee.core.replaceSetGetAttributeCalls" value="false"></Property>
		</Options>
	</JavaInfo>
</FrameworkInput>
